state,bracket,population_2009,population_2016
Alabama,"$10,000 to $14,999",134988,126347
Alabama,"$100,000 to $124,999",108519,127870
Alabama,"$125,000 to $149,999",55565,70558
Alabama,"$15,000 to $19,999",125046,118846
Alabama,"$150,000 to $199,999",46035,66462
Alabama,"$20,000 to $24,999",120178,114040
Alabama,"$200,000 or more",39992,54083
Alabama,"$25,000 to $29,999",110437,105954
Alabama,"$30,000 to $34,999",105216,101692
Alabama,"$35,000 to $39,999",97549,93118
Alabama,"$40,000 to $44,999",91415,90043
Alabama,"$45,000 to $49,999",79708,75980
Alabama,"$50,000 to $59,999",149589,148141
Alabama,"$60,000 to $74,999",170463,174333
Alabama,"$75,000 to $99,999",191272,204249
Alabama,"Less than $10,000",193469,179345
Alaska,"$10,000 to $14,999",9008,8418
Alaska,"$100,000 to $124,999",25090,28526
Alaska,"$125,000 to $149,999",15090,19613
Alaska,"$15,000 to $19,999",8340,8345
Alaska,"$150,000 to $199,999",14169,22037
Alaska,"$20,000 to $24,999",9918,9349
Alaska,"$200,000 or more",9559,16978
Alaska,"$25,000 to $29,999",10358,8311
Alaska,"$30,000 to $34,999",10268,9295
Alaska,"$35,000 to $39,999",9829,9504
Alaska,"$40,000 to $44,999",10628,10355
Alaska,"$45,000 to $49,999",10393,8585
Alaska,"$50,000 to $59,999",19589,17878
Alaska,"$60,000 to $74,999",26588,26891
Alaska,"$75,000 to $99,999",35969,36934
Alaska,"Less than $10,000",9983,9216
Arizona,"$10,000 to $14,999",113771,125264
Arizona,"$100,000 to $124,999",167597,189025
Arizona,"$125,000 to $149,999",93591,110715
Arizona,"$15,000 to $19,999",117428,127003
Arizona,"$150,000 to $199,999",81181,107864
Arizona,"$20,000 to $24,999",129134,135185
Arizona,"$200,000 or more",76876,101665
Arizona,"$25,000 to $29,999",127613,133260
Arizona,"$30,000 to $34,999",129527,130764
Arizona,"$35,000 to $39,999",121730,122877
Arizona,"$40,000 to $44,999",119477,125810
Arizona,"$45,000 to $49,999",106383,107768
Arizona,"$50,000 to $59,999",193921,206026
Arizona,"$60,000 to $74,999",239002,247629
Arizona,"$75,000 to $99,999",278303,294491
Arizona,"Less than $10,000",152636,183573
Arkansas,"$10,000 to $14,999",87121,82519
Arkansas,"$100,000 to $124,999",54018,70708
Arkansas,"$125,000 to $149,999",27585,37074
Arkansas,"$15,000 to $19,999",80945,76391
Arkansas,"$150,000 to $199,999",22426,31835
Arkansas,"$20,000 to $24,999",80938,77626
Arkansas,"$200,000 or more",19484,30167
Arkansas,"$25,000 to $29,999",73323,69990
Arkansas,"$30,000 to $34,999",71366,69515
Arkansas,"$35,000 to $39,999",63707,61745
Arkansas,"$40,000 to $44,999",58603,59774
Arkansas,"$45,000 to $49,999",52973,52081
Arkansas,"$50,000 to $59,999",93175,95250
Arkansas,"$60,000 to $74,999",102735,109400
Arkansas,"$75,000 to $99,999",105867,115768
Arkansas,"Less than $10,000",115369,101637
California,"$10,000 to $14,999",628340,629347
California,"$100,000 to $124,999",1106644,1171087
California,"$125,000 to $149,999",710490,779571
California,"$15,000 to $19,999",567704,570021
California,"$150,000 to $199,999",754969,935208
California,"$20,000 to $24,999",586414,595028
California,"$200,000 or more",767989,1110197
California,"$25,000 to $29,999",566709,549453
California,"$30,000 to $34,999",556073,562391
California,"$35,000 to $39,999",538037,516373
California,"$40,000 to $44,999",533922,520991
California,"$45,000 to $49,999",488245,470573
California,"$50,000 to $59,999",945136,912385
California,"$60,000 to $74,999",1223969,1203377
California,"$75,000 to $99,999",1564337,1552490
California,"Less than $10,000",648213,728895
Colorado,"$10,000 to $14,999",87257,80302
Colorado,"$100,000 to $124,999",163201,194355
Colorado,"$125,000 to $149,999",95908,122056
Colorado,"$15,000 to $19,999",85585,82773
Colorado,"$150,000 to $199,999",91592,133864
Colorado,"$20,000 to $24,999",92493,93281
Colorado,"$200,000 or more",81105,128838
Colorado,"$25,000 to $29,999",92568,90734
Colorado,"$30,000 to $34,999",91439,94758
Colorado,"$35,000 to $39,999",88459,89353
Colorado,"$40,000 to $44,999",92789,92951
Colorado,"$45,000 to $49,999",82777,82952
Colorado,"$50,000 to $59,999",155616,162904
Colorado,"$60,000 to $74,999",203109,211250
Colorado,"$75,000 to $99,999",244601,276255
Colorado,"Less than $10,000",120777,114990
Connecticut,"$10,000 to $14,999",54931,50565
Connecticut,"$100,000 to $124,999",136220,134162
Connecticut,"$125,000 to $149,999",84582,95329
Connecticut,"$15,000 to $19,999",53304,54190
Connecticut,"$150,000 to $199,999",90279,111209
Connecticut,"$20,000 to $24,999",52666,55194
Connecticut,"$200,000 or more",104010,138828
Connecticut,"$25,000 to $29,999",52832,50989
Connecticut,"$30,000 to $34,999",53092,51415
Connecticut,"$35,000 to $39,999",50834,50649
Connecticut,"$40,000 to $44,999",53267,50106
Connecticut,"$45,000 to $49,999",49307,46192
Connecticut,"$50,000 to $59,999",98349,91810
Connecticut,"$60,000 to $74,999",134778,126135
Connecticut,"$75,000 to $99,999",185880,172153
Connecticut,"Less than $10,000",73151,75787
Delaware,"$10,000 to $14,999",13244,12613
Delaware,"$100,000 to $124,999",29266,32000
Delaware,"$125,000 to $149,999",17080,20337
Delaware,"$15,000 to $19,999",14768,14548
Delaware,"$150,000 to $199,999",16081,21249
Delaware,"$20,000 to $24,999",16476,16118
Delaware,"$200,000 or more",12494,18630
Delaware,"$25,000 to $29,999",15795,15936
Delaware,"$30,000 to $34,999",16221,17062
Delaware,"$35,000 to $39,999",14816,16024
Delaware,"$40,000 to $44,999",16107,15665
Delaware,"$45,000 to $49,999",14194,14757
Delaware,"$50,000 to $59,999",29139,28118
Delaware,"$60,000 to $74,999",35756,37108
Delaware,"$75,000 to $99,999",45565,47615
Delaware,"Less than $10,000",18158,20271
District of Columbia,"$10,000 to $14,999",12177,12205
District of Columbia,"$100,000 to $124,999",17917,25245
District of Columbia,"$125,000 to $149,999",13789,17922
District of Columbia,"$15,000 to $19,999",11060,10112
District of Columbia,"$150,000 to $199,999",16712,24110
District of Columbia,"$20,000 to $24,999",10214,9641
District of Columbia,"$200,000 or more",23557,39318
District of Columbia,"$25,000 to $29,999",10382,9405
District of Columbia,"$30,000 to $34,999",11370,9225
District of Columbia,"$35,000 to $39,999",9840,7951
District of Columbia,"$40,000 to $44,999",11457,9150
District of Columbia,"$45,000 to $49,999",8750,7955
District of Columbia,"$50,000 to $59,999",17726,15815
District of Columbia,"$60,000 to $74,999",21462,21155
District of Columbia,"$75,000 to $99,999",26606,29158
District of Columbia,"Less than $10,000",27704,28179
Florida,"$10,000 to $14,999",402848,398394
Florida,"$100,000 to $124,999",475532,527915
Florida,"$125,000 to $149,999",255994,297921
Florida,"$15,000 to $19,999",406638,423592
Florida,"$150,000 to $199,999",236106,297029
Florida,"$20,000 to $24,999",430392,445928
Florida,"$200,000 or more",248229,322098
Florida,"$25,000 to $29,999",428814,421568
Florida,"$30,000 to $34,999",415526,416468
Florida,"$35,000 to $39,999",397946,391972
Florida,"$40,000 to $44,999",381065,379530
Florida,"$45,000 to $49,999",333971,331287
Florida,"$50,000 to $59,999",613049,612464
Florida,"$60,000 to $74,999",732208,738333
Florida,"$75,000 to $99,999",806311,832126
Florida,"Less than $10,000",511910,556637
Georgia,"$10,000 to $14,999",196371,198287
Georgia,"$100,000 to $124,999",245969,275919
Georgia,"$125,000 to $149,999",138583,160150
Georgia,"$15,000 to $19,999",183192,192794
Georgia,"$150,000 to $199,999",130193,167373
Georgia,"$20,000 to $24,999",187193,201968
Georgia,"$200,000 or more",124898,167730
Georgia,"$25,000 to $29,999",185051,186210
Georgia,"$30,000 to $34,999",187002,188941
Georgia,"$35,000 to $39,999",176871,176062
Georgia,"$40,000 to $44,999",173460,174362
Georgia,"$45,000 to $49,999",151666,152256
Georgia,"$50,000 to $59,999",287047,290377
Georgia,"$60,000 to $74,999",354538,359941
Georgia,"$75,000 to $99,999",411020,420635
Georgia,"Less than $10,000",284244,298701
Hawaii,"$10,000 to $14,999",16218,15336
Hawaii,"$100,000 to $124,999",45403,50789
Hawaii,"$125,000 to $149,999",26764,33173
Hawaii,"$15,000 to $19,999",15426,15296
Hawaii,"$150,000 to $199,999",26807,35851
Hawaii,"$20,000 to $24,999",17035,16495
Hawaii,"$200,000 or more",21234,33209
Hawaii,"$25,000 to $29,999",17853,15428
Hawaii,"$30,000 to $34,999",18915,16494
Hawaii,"$35,000 to $39,999",18114,16240
Hawaii,"$40,000 to $44,999",19235,17189
Hawaii,"$45,000 to $49,999",17738,15976
Hawaii,"$50,000 to $59,999",36134,32874
Hawaii,"$60,000 to $74,999",50026,48316
Hawaii,"$75,000 to $99,999",65458,64035
Hawaii,"Less than $10,000",25616,25329
Idaho,"$10,000 to $14,999",32857,31467
Idaho,"$100,000 to $124,999",32998,42322
Idaho,"$125,000 to $149,999",15795,22849
Idaho,"$15,000 to $19,999",31977,32300
Idaho,"$150,000 to $199,999",13093,19555
Idaho,"$20,000 to $24,999",35363,34792
Idaho,"$200,000 or more",11183,17296
Idaho,"$25,000 to $29,999",36401,33414
Idaho,"$30,000 to $34,999",34693,36311
Idaho,"$35,000 to $39,999",31408,32118
Idaho,"$40,000 to $44,999",31555,31306
Idaho,"$45,000 to $49,999",27973,29108
Idaho,"$50,000 to $59,999",54341,52829
Idaho,"$60,000 to $74,999",62445,66619
Idaho,"$75,000 to $99,999",64965,71986
Idaho,"Less than $10,000",35679,41835
Illinois,"$10,000 to $14,999",236950,212171
Illinois,"$100,000 to $124,999",396324,431201
Illinois,"$125,000 to $149,999",230309,267312
Illinois,"$15,000 to $19,999",239636,229808
Illinois,"$150,000 to $199,999",219763,289346
Illinois,"$20,000 to $24,999",237775,233284
Illinois,"$200,000 or more",214721,298593
Illinois,"$25,000 to $29,999",233321,215853
Illinois,"$30,000 to $34,999",232878,223873
Illinois,"$35,000 to $39,999",222299,209353
Illinois,"$40,000 to $44,999",219725,211444
Illinois,"$45,000 to $49,999",201517,184289
Illinois,"$50,000 to $59,999",397199,363985
Illinois,"$60,000 to $74,999",508408,478067
Illinois,"$75,000 to $99,999",624148,612265
Illinois,"Less than $10,000",334415,341280
Indiana,"$10,000 to $14,999",140573,128274
Indiana,"$100,000 to $124,999",166226,193460
Indiana,"$125,000 to $149,999",81103,104035
Indiana,"$15,000 to $19,999",140059,139989
Indiana,"$150,000 to $199,999",65931,89979
Indiana,"$20,000 to $24,999",147019,140848
Indiana,"$200,000 or more",52654,76393
Indiana,"$25,000 to $29,999",145626,139568
Indiana,"$30,000 to $34,999",148267,140514
Indiana,"$35,000 to $39,999",136425,132028
Indiana,"$40,000 to $44,999",134550,132464
Indiana,"$45,000 to $49,999",117489,115760
Indiana,"$50,000 to $59,999",224821,215737
Indiana,"$60,000 to $74,999",277906,272071
Indiana,"$75,000 to $99,999",306247,316401
Indiana,"Less than $10,000",183110,176307
Iowa,"$10,000 to $14,999",73103,60809
Iowa,"$100,000 to $124,999",81227,104883
Iowa,"$125,000 to $149,999",37978,57858
Iowa,"$15,000 to $19,999",69744,61346
Iowa,"$150,000 to $199,999",30281,49988
Iowa,"$20,000 to $24,999",72809,65013
Iowa,"$200,000 or more",26851,43056
Iowa,"$25,000 to $29,999",71117,64268
Iowa,"$30,000 to $34,999",69469,65171
Iowa,"$35,000 to $39,999",68173,58969
Iowa,"$40,000 to $44,999",67341,63300
Iowa,"$45,000 to $49,999",60549,53584
Iowa,"$50,000 to $59,999",112802,107725
Iowa,"$60,000 to $74,999",140982,138837
Iowa,"$75,000 to $99,999",154623,172210
Iowa,"Less than $10,000",78921,75624
Kansas,"$10,000 to $14,999",60113,54383
Kansas,"$100,000 to $124,999",77085,93675
Kansas,"$125,000 to $149,999",38376,52872
Kansas,"$15,000 to $19,999",61297,54565
Kansas,"$150,000 to $199,999",35306,47916
Kansas,"$20,000 to $24,999",65429,59678
Kansas,"$200,000 or more",30092,44514
Kansas,"$25,000 to $29,999",65597,59070
Kansas,"$30,000 to $34,999",63144,59827
Kansas,"$35,000 to $39,999",61102,56512
Kansas,"$40,000 to $44,999",58224,55887
Kansas,"$45,000 to $49,999",52351,49228
Kansas,"$50,000 to $59,999",95460,95472
Kansas,"$60,000 to $74,999",118692,120467
Kansas,"$75,000 to $99,999",135276,141242
Kansas,"Less than $10,000",76150,70550
Kentucky,"$10,000 to $14,999",126327,114927
Kentucky,"$100,000 to $124,999",97206,118183
Kentucky,"$125,000 to $149,999",48171,64316
Kentucky,"$15,000 to $19,999",110364,109055
Kentucky,"$150,000 to $199,999",37786,53630
Kentucky,"$20,000 to $24,999",109339,103977
Kentucky,"$200,000 or more",32138,49355
Kentucky,"$25,000 to $29,999",102718,97375
Kentucky,"$30,000 to $34,999",97324,95769
Kentucky,"$35,000 to $39,999",88652,87724
Kentucky,"$40,000 to $44,999",87600,86355
Kentucky,"$45,000 to $49,999",77113,73833
Kentucky,"$50,000 to $59,999",138295,137027
Kentucky,"$60,000 to $74,999",161690,169183
Kentucky,"$75,000 to $99,999",179072,190731
Kentucky,"Less than $10,000",180943,166777
Louisiana,"$10,000 to $14,999",124048,116057
Louisiana,"$100,000 to $124,999",104682,127013
Louisiana,"$125,000 to $149,999",55569,74489
Louisiana,"$15,000 to $19,999",110523,112979
Louisiana,"$150,000 to $199,999",46087,71073
Louisiana,"$20,000 to $24,999",102543,104920
Louisiana,"$200,000 or more",41198,63592
Louisiana,"$25,000 to $29,999",96469,94157
Louisiana,"$30,000 to $34,999",92349,91013
Louisiana,"$35,000 to $39,999",83271,81081
Louisiana,"$40,000 to $44,999",79582,80312
Louisiana,"$45,000 to $49,999",71863,69560
Louisiana,"$50,000 to $59,999",127783,125452
Louisiana,"$60,000 to $74,999",153376,156880
Louisiana,"$75,000 to $99,999",177680,187431
Louisiana,"Less than $10,000",177071,175389
Maine,"$10,000 to $14,999",35342,32820
Maine,"$100,000 to $124,999",33736,43209
Maine,"$125,000 to $149,999",16237,22830
Maine,"$15,000 to $19,999",33333,32065
Maine,"$150,000 to $199,999",14045,19981
Maine,"$20,000 to $24,999",33344,30013
Maine,"$200,000 or more",11599,18197
Maine,"$25,000 to $29,999",30966,30269
Maine,"$30,000 to $34,999",32130,31392
Maine,"$35,000 to $39,999",29270,26836
Maine,"$40,000 to $44,999",27812,26035
Maine,"$45,000 to $49,999",27354,24399
Maine,"$50,000 to $59,999",49371,46296
Maine,"$60,000 to $74,999",62072,59455
Maine,"$75,000 to $99,999",65405,70080
Maine,"Less than $10,000",40601,37232
Maryland,"$10,000 to $14,999",72289,69385
Maryland,"$100,000 to $124,999",223145,233501
Maryland,"$125,000 to $149,999",143687,167567
Maryland,"$15,000 to $19,999",70685,69563
Maryland,"$150,000 to $199,999",158480,200287
Maryland,"$20,000 to $24,999",74470,74485
Maryland,"$200,000 or more",142037,211938
Maryland,"$25,000 to $29,999",83017,75783
Maryland,"$30,000 to $34,999",83266,79093
Maryland,"$35,000 to $39,999",83607,73710
Maryland,"$40,000 to $44,999",87768,79977
Maryland,"$45,000 to $49,999",82082,74631
Maryland,"$50,000 to $59,999",166148,154873
Maryland,"$60,000 to $74,999",218638,213460
Maryland,"$75,000 to $99,999",299807,288676
Maryland,"Less than $10,000",103412,110563
Massachusetts,"$10,000 to $14,999",124064,126832
Massachusetts,"$100,000 to $124,999",246170,256264
Massachusetts,"$125,000 to $149,999",158330,182821
Massachusetts,"$15,000 to $19,999",104034,107494
Massachusetts,"$150,000 to $199,999",164083,216817
Massachusetts,"$20,000 to $24,999",100922,103045
Massachusetts,"$200,000 or more",158107,246174
Massachusetts,"$25,000 to $29,999",96079,91543
Massachusetts,"$30,000 to $34,999",99951,98585
Massachusetts,"$35,000 to $39,999",93208,89942
Massachusetts,"$40,000 to $44,999",99610,89629
Massachusetts,"$45,000 to $49,999",88089,81469
Massachusetts,"$50,000 to $59,999",180564,167450
Massachusetts,"$60,000 to $74,999",246501,229018
Massachusetts,"$75,000 to $99,999",338280,318777
Massachusetts,"Less than $10,000",167662,153029
Michigan,"$10,000 to $14,999",220515,204099
Michigan,"$100,000 to $124,999",282094,299007
Michigan,"$125,000 to $149,999",155614,172258
Michigan,"$15,000 to $19,999",213274,214199
Michigan,"$150,000 to $199,999",131864,164910
Michigan,"$20,000 to $24,999",221320,214535
Michigan,"$200,000 or more",105109,146636
Michigan,"$25,000 to $29,999",217934,202578
Michigan,"$30,000 to $34,999",216368,212026
Michigan,"$35,000 to $39,999",204151,191991
Michigan,"$40,000 to $44,999",196524,191636
Michigan,"$45,000 to $49,999",176202,168823
Michigan,"$50,000 to $59,999",329460,316135
Michigan,"$60,000 to $74,999",406082,398018
Michigan,"$75,000 to $99,999",474955,463821
Michigan,"Less than $10,000",308694,299722
Minnesota,"$10,000 to $14,999",97326,89868
Minnesota,"$100,000 to $124,999",180400,209410
Minnesota,"$125,000 to $149,999",97393,129985
Minnesota,"$15,000 to $19,999",93829,90360
Minnesota,"$150,000 to $199,999",89054,130602
Minnesota,"$20,000 to $24,999",97026,96122
Minnesota,"$200,000 or more",79045,122773
Minnesota,"$25,000 to $29,999",98054,91027
Minnesota,"$30,000 to $34,999",101547,94595
Minnesota,"$35,000 to $39,999",99122,93740
Minnesota,"$40,000 to $44,999",102626,93297
Minnesota,"$45,000 to $49,999",92280,85671
Minnesota,"$50,000 to $59,999",180983,169427
Minnesota,"$60,000 to $74,999",239908,229691
Minnesota,"$75,000 to $99,999",294413,300116
Minnesota,"Less than $10,000",118876,108626
Mississippi,"$10,000 to $14,999",92649,84096
Mississippi,"$100,000 to $124,999",55690,66304
Mississippi,"$125,000 to $149,999",26887,34344
Mississippi,"$15,000 to $19,999",83568,80213
Mississippi,"$150,000 to $199,999",21068,29934
Mississippi,"$20,000 to $24,999",73993,70762
Mississippi,"$200,000 or more",18913,25197
Mississippi,"$25,000 to $29,999",69616,65980
Mississippi,"$30,000 to $34,999",65845,63680
Mississippi,"$35,000 to $39,999",58482,55943
Mississippi,"$40,000 to $44,999",52190,55784
Mississippi,"$45,000 to $49,999",48700,44924
Mississippi,"$50,000 to $59,999",85139,86008
Mississippi,"$60,000 to $74,999",96779,100164
Mississippi,"$75,000 to $99,999",100983,113364
Mississippi,"Less than $10,000",135334,122106
Missouri,"$10,000 to $14,999",144276,133190
Missouri,"$100,000 to $124,999",150531,176070
Missouri,"$125,000 to $149,999",77235,97921
Missouri,"$15,000 to $19,999",135989,131639
Missouri,"$150,000 to $199,999",66165,92577
Missouri,"$20,000 to $24,999",145184,136303
Missouri,"$200,000 or more",55962,83135
Missouri,"$25,000 to $29,999",142255,130940
Missouri,"$30,000 to $34,999",135852,134732
Missouri,"$35,000 to $39,999",126777,122925
Missouri,"$40,000 to $44,999",121372,121309
Missouri,"$45,000 to $49,999",111668,104434
Missouri,"$50,000 to $59,999",206827,199678
Missouri,"$60,000 to $74,999",243639,245202
Missouri,"$75,000 to $99,999",271971,283744
Missouri,"Less than $10,000",186535,178563
Montana,"$10,000 to $14,999",25339,24715
Montana,"$100,000 to $124,999",21035,30699
Montana,"$125,000 to $149,999",10033,16258
Montana,"$15,000 to $19,999",25035,23561
Montana,"$150,000 to $199,999",7643,13603
Montana,"$20,000 to $24,999",25194,25356
Montana,"$200,000 or more",6722,13541
Montana,"$25,000 to $29,999",24247,23023
Montana,"$30,000 to $34,999",22443,24488
Montana,"$35,000 to $39,999",21021,22762
Montana,"$40,000 to $44,999",21336,20705
Montana,"$45,000 to $49,999",18306,17852
Montana,"$50,000 to $59,999",33375,34178
Montana,"$60,000 to $74,999",39289,44026
Montana,"$75,000 to $99,999",41999,48622
Montana,"Less than $10,000",29930,29264
Nebraska,"$10,000 to $14,999",41039,36213
Nebraska,"$100,000 to $124,999",47035,65314
Nebraska,"$125,000 to $149,999",22847,34609
Nebraska,"$15,000 to $19,999",40098,35588
Nebraska,"$150,000 to $199,999",17498,31282
Nebraska,"$20,000 to $24,999",42808,40147
Nebraska,"$200,000 or more",15477,27310
Nebraska,"$25,000 to $29,999",41202,38140
Nebraska,"$30,000 to $34,999",42620,39512
Nebraska,"$35,000 to $39,999",38838,36960
Nebraska,"$40,000 to $44,999",36622,36334
Nebraska,"$45,000 to $49,999",34065,33429
Nebraska,"$50,000 to $59,999",65445,63877
Nebraska,"$60,000 to $74,999",81407,82811
Nebraska,"$75,000 to $99,999",87734,96780
Nebraska,"Less than $10,000",47902,43275
Nevada,"$10,000 to $14,999",37420,46697
Nevada,"$100,000 to $124,999",79748,82922
Nevada,"$125,000 to $149,999",44158,47802
Nevada,"$15,000 to $19,999",42231,50934
Nevada,"$150,000 to $199,999",38153,43701
Nevada,"$20,000 to $24,999",46247,55699
Nevada,"$200,000 or more",31534,38588
Nevada,"$25,000 to $29,999",50832,55380
Nevada,"$30,000 to $34,999",50036,57468
Nevada,"$35,000 to $39,999",48707,51215
Nevada,"$40,000 to $44,999",48338,53351
Nevada,"$45,000 to $49,999",44055,47299
Nevada,"$50,000 to $59,999",88580,87970
Nevada,"$60,000 to $74,999",110859,114366
Nevada,"$75,000 to $99,999",131291,130981
Nevada,"Less than $10,000",51989,66328
New Hampshire,"$10,000 to $14,999",20208,19590
New Hampshire,"$100,000 to $124,999",49932,55655
New Hampshire,"$125,000 to $149,999",30161,34483
New Hampshire,"$15,000 to $19,999",19189,20456
New Hampshire,"$150,000 to $199,999",27428,38515
New Hampshire,"$20,000 to $24,999",22385,21202
New Hampshire,"$200,000 or more",21350,34375
New Hampshire,"$25,000 to $29,999",21502,20952
New Hampshire,"$30,000 to $34,999",22658,22156
New Hampshire,"$35,000 to $39,999",22663,20542
New Hampshire,"$40,000 to $44,999",23062,21653
New Hampshire,"$45,000 to $49,999",21622,20798
New Hampshire,"$50,000 to $59,999",41552,39713
New Hampshire,"$60,000 to $74,999",58544,55630
New Hampshire,"$75,000 to $99,999",76318,74611
New Hampshire,"Less than $10,000",23627,21042
New Jersey,"$10,000 to $14,999",125320,119850
New Jersey,"$100,000 to $124,999",327868,324399
New Jersey,"$125,000 to $149,999",217026,225196
New Jersey,"$15,000 to $19,999",126029,126336
New Jersey,"$150,000 to $199,999",236860,286629
New Jersey,"$20,000 to $24,999",123260,128200
New Jersey,"$200,000 or more",247697,343659
New Jersey,"$25,000 to $29,999",125839,120418
New Jersey,"$30,000 to $34,999",122811,120719
New Jersey,"$35,000 to $39,999",119468,113490
New Jersey,"$40,000 to $44,999",124925,113924
New Jersey,"$45,000 to $49,999",113096,101987
New Jersey,"$50,000 to $59,999",234808,214080
New Jersey,"$60,000 to $74,999",306348,286887
New Jersey,"$75,000 to $99,999",430450,394405
New Jersey,"Less than $10,000",171072,174835
New Mexico,"$10,000 to $14,999",50531,49598
New Mexico,"$100,000 to $124,999",44665,53599
New Mexico,"$125,000 to $149,999",23768,30295
New Mexico,"$15,000 to $19,999",45495,47617
New Mexico,"$150,000 to $199,999",21357,29082
New Mexico,"$20,000 to $24,999",49767,48016
New Mexico,"$200,000 or more",16640,23902
New Mexico,"$25,000 to $29,999",44987,42560
New Mexico,"$30,000 to $34,999",44321,41371
New Mexico,"$35,000 to $39,999",41322,36488
New Mexico,"$40,000 to $44,999",38226,37049
New Mexico,"$45,000 to $49,999",34150,32780
New Mexico,"$50,000 to $59,999",59276,58719
New Mexico,"$60,000 to $74,999",72621,71473
New Mexico,"$75,000 to $99,999",79663,86104
New Mexico,"Less than $10,000",69841,73898
New York,"$10,000 to $14,999",386730,373344
New York,"$100,000 to $124,999",590703,640702
New York,"$125,000 to $149,999",360501,421549
New York,"$15,000 to $19,999",358135,352269
New York,"$150,000 to $199,999",378476,489214
New York,"$20,000 to $24,999",352438,339512
New York,"$200,000 or more",425323,584890
New York,"$25,000 to $29,999",336172,314369
New York,"$30,000 to $34,999",336433,317861
New York,"$35,000 to $39,999",314786,291582
New York,"$40,000 to $44,999",307983,289571
New York,"$45,000 to $49,999",280749,251651
New York,"$50,000 to $59,999",548826,506149
New York,"$60,000 to $74,999",699054,671207
New York,"$75,000 to $99,999",870891,865492
New York,"Less than $10,000",589813,556825
North Carolina,"$10,000 to $14,999",228032,232150
North Carolina,"$100,000 to $124,999",223312,269886
North Carolina,"$125,000 to $149,999",120225,152366
North Carolina,"$15,000 to $19,999",214410,219592
North Carolina,"$150,000 to $199,999",105901,149685
North Carolina,"$20,000 to $24,999",218948,221068
North Carolina,"$200,000 or more",101458,149227
North Carolina,"$25,000 to $29,999",213636,216477
North Carolina,"$30,000 to $34,999",211360,219354
North Carolina,"$35,000 to $39,999",189874,195323
North Carolina,"$40,000 to $44,999",185424,194664
North Carolina,"$45,000 to $49,999",165495,171241
North Carolina,"$50,000 to $59,999",302902,312635
North Carolina,"$60,000 to $74,999",358560,374954
North Carolina,"$75,000 to $99,999",395366,442371
North Carolina,"Less than $10,000",306904,294399
North Dakota,"$10,000 to $14,999",17701,13946
North Dakota,"$100,000 to $124,999",17336,29184
North Dakota,"$125,000 to $149,999",7693,16579
North Dakota,"$15,000 to $19,999",16385,12587
North Dakota,"$150,000 to $199,999",5898,15324
North Dakota,"$20,000 to $24,999",16953,14148
North Dakota,"$200,000 or more",5555,14859
North Dakota,"$25,000 to $29,999",17017,14521
North Dakota,"$30,000 to $34,999",16646,15106
North Dakota,"$35,000 to $39,999",14147,13596
North Dakota,"$40,000 to $44,999",14584,14660
North Dakota,"$45,000 to $49,999",13310,13167
North Dakota,"$50,000 to $59,999",24413,24072
North Dakota,"$60,000 to $74,999",30622,32554
North Dakota,"$75,000 to $99,999",32074,42372
North Dakota,"Less than $10,000",22701,18488
Ohio,"$10,000 to $14,999",270738,249837
Ohio,"$100,000 to $124,999",307910,356366
Ohio,"$125,000 to $149,999",161089,204562
Ohio,"$15,000 to $19,999",261217,255923
Ohio,"$150,000 to $199,999",137416,189677
Ohio,"$20,000 to $24,999",264718,259028
Ohio,"$200,000 or more",109580,168570
Ohio,"$25,000 to $29,999",259965,241591
Ohio,"$30,000 to $34,999",260864,249666
Ohio,"$35,000 to $39,999",241773,226538
Ohio,"$40,000 to $44,999",234967,226913
Ohio,"$45,000 to $49,999",215512,198455
Ohio,"$50,000 to $59,999",393054,379214
Ohio,"$60,000 to $74,999",488335,472799
Ohio,"$75,000 to $99,999",545023,559520
Ohio,"Less than $10,000",374003,362790
Oklahoma,"$10,000 to $14,999",96971,86545
Oklahoma,"$100,000 to $124,999",79108,105512
Oklahoma,"$125,000 to $149,999",39876,55697
Oklahoma,"$15,000 to $19,999",93510,85166
Oklahoma,"$150,000 to $199,999",31441,52222
Oklahoma,"$20,000 to $24,999",94612,86473
Oklahoma,"$200,000 or more",30055,48490
Oklahoma,"$25,000 to $29,999",91042,83444
Oklahoma,"$30,000 to $34,999",88114,83007
Oklahoma,"$35,000 to $39,999",79978,76051
Oklahoma,"$40,000 to $44,999",74200,75280
Oklahoma,"$45,000 to $49,999",65400,63935
Oklahoma,"$50,000 to $59,999",121283,121440
Oklahoma,"$60,000 to $74,999",141137,153583
Oklahoma,"$75,000 to $99,999",148083,170992
Oklahoma,"Less than $10,000",130195,113663
Oregon,"$10,000 to $14,999",84894,78916
Oregon,"$100,000 to $124,999",103820,126665
Oregon,"$125,000 to $149,999",55866,74656
Oregon,"$15,000 to $19,999",81796,81988
Oregon,"$150,000 to $199,999",47603,68882
Oregon,"$20,000 to $24,999",84450,81866
Oregon,"$200,000 or more",42529,66308
Oregon,"$25,000 to $29,999",83043,82525
Oregon,"$30,000 to $34,999",82649,79438
Oregon,"$35,000 to $39,999",78254,74240
Oregon,"$40,000 to $44,999",75529,74295
Oregon,"$45,000 to $49,999",68008,66292
Oregon,"$50,000 to $59,999",132166,125120
Oregon,"$60,000 to $74,999",157593,161757
Oregon,"$75,000 to $99,999",179482,195969
Oregon,"Less than $10,000",106514,106828
Pennsylvania,"$10,000 to $14,999",293211,252508
Pennsylvania,"$100,000 to $124,999",359736,418790
Pennsylvania,"$125,000 to $149,999",195571,253263
Pennsylvania,"$15,000 to $19,999",280999,262162
Pennsylvania,"$150,000 to $199,999",176468,249749
Pennsylvania,"$20,000 to $24,999",278605,257535
Pennsylvania,"$200,000 or more",163652,243593
Pennsylvania,"$25,000 to $29,999",270676,247627
Pennsylvania,"$30,000 to $34,999",269132,248062
Pennsylvania,"$35,000 to $39,999",245376,228082
Pennsylvania,"$40,000 to $44,999",242174,231386
Pennsylvania,"$45,000 to $49,999",220778,204703
Pennsylvania,"$50,000 to $59,999",417658,400015
Pennsylvania,"$60,000 to $74,999",519049,507393
Pennsylvania,"$75,000 to $99,999",602849,622834
Pennsylvania,"Less than $10,000",357193,334227
Puerto Rico,"$10,000 to $14,999",153343,145159
Puerto Rico,"$100,000 to $124,999",19220,21682
Puerto Rico,"$125,000 to $149,999",8714,10158
Puerto Rico,"$15,000 to $19,999",116805,126900
Puerto Rico,"$150,000 to $199,999",7505,10315
Puerto Rico,"$20,000 to $24,999",95531,99637
Puerto Rico,"$200,000 or more",7744,8869
Puerto Rico,"$25,000 to $29,999",80715,81343
Puerto Rico,"$30,000 to $34,999",68773,70005
Puerto Rico,"$35,000 to $39,999",55043,57394
Puerto Rico,"$40,000 to $44,999",46802,47786
Puerto Rico,"$45,000 to $49,999",36680,38500
Puerto Rico,"$50,000 to $59,999",57101,59846
Puerto Rico,"$60,000 to $74,999",52233,58223
Puerto Rico,"$75,000 to $99,999",41328,45651
Puerto Rico,"Less than $10,000",366402,355712
Rhode Island,"$10,000 to $14,999",23599,22718
Rhode Island,"$100,000 to $124,999",35853,37483
Rhode Island,"$125,000 to $149,999",20609,24025
Rhode Island,"$15,000 to $19,999",19749,19253
Rhode Island,"$150,000 to $199,999",19150,25358
Rhode Island,"$20,000 to $24,999",20072,19794
Rhode Island,"$200,000 or more",15543,22521
Rhode Island,"$25,000 to $29,999",18900,18359
Rhode Island,"$30,000 to $34,999",18673,18546
Rhode Island,"$35,000 to $39,999",17905,17170
Rhode Island,"$40,000 to $44,999",17921,17861
Rhode Island,"$45,000 to $49,999",16048,14681
Rhode Island,"$50,000 to $59,999",31987,29106
Rhode Island,"$60,000 to $74,999",41347,39318
Rhode Island,"$75,000 to $99,999",56567,52414
Rhode Island,"Less than $10,000",30304,31633
South Carolina,"$10,000 to $14,999",111315,113279
South Carolina,"$100,000 to $124,999",104100,129784
South Carolina,"$125,000 to $149,999",51267,71386
South Carolina,"$15,000 to $19,999",106777,107731
South Carolina,"$150,000 to $199,999",44154,65792
South Carolina,"$20,000 to $24,999",107133,111305
South Carolina,"$200,000 or more",39129,58221
South Carolina,"$25,000 to $29,999",105127,106338
South Carolina,"$30,000 to $34,999",102087,103689
South Carolina,"$35,000 to $39,999",90489,95238
South Carolina,"$40,000 to $44,999",87141,93414
South Carolina,"$45,000 to $49,999",79491,81068
South Carolina,"$50,000 to $59,999",142521,150124
South Carolina,"$60,000 to $74,999",172217,183676
South Carolina,"$75,000 to $99,999",189787,211341
South Carolina,"Less than $10,000",160653,156655
South Dakota,"$10,000 to $14,999",20036,17474
South Dakota,"$100,000 to $124,999",17572,25793
South Dakota,"$125,000 to $149,999",7574,13259
South Dakota,"$15,000 to $19,999",18360,16150
South Dakota,"$150,000 to $199,999",6130,11317
South Dakota,"$20,000 to $24,999",20492,17677
South Dakota,"$200,000 or more",6384,11569
South Dakota,"$25,000 to $29,999",19997,18183
South Dakota,"$30,000 to $34,999",19602,18726
South Dakota,"$35,000 to $39,999",17679,17053
South Dakota,"$40,000 to $44,999",17118,17692
South Dakota,"$45,000 to $49,999",16372,16235
South Dakota,"$50,000 to $59,999",29798,28663
South Dakota,"$60,000 to $74,999",36593,37161
South Dakota,"$75,000 to $99,999",36372,45953
South Dakota,"Less than $10,000",24595,20631
Tennessee,"$10,000 to $14,999",165587,153299
Tennessee,"$100,000 to $124,999",136419,169603
Tennessee,"$125,000 to $149,999",70755,94153
Tennessee,"$15,000 to $19,999",153742,153206
Tennessee,"$150,000 to $199,999",63019,90578
Tennessee,"$20,000 to $24,999",151700,156422
Tennessee,"$200,000 or more",64126,88253
Tennessee,"$25,000 to $29,999",148764,146559
Tennessee,"$30,000 to $34,999",146797,145019
Tennessee,"$35,000 to $39,999",134513,132005
Tennessee,"$40,000 to $44,999",124796,128936
Tennessee,"$45,000 to $49,999",115331,110634
Tennessee,"$50,000 to $59,999",206707,209483
Tennessee,"$60,000 to $74,999",242056,251931
Tennessee,"$75,000 to $99,999",256219,283806
Tennessee,"Less than $10,000",232036,208317
Texas,"$10,000 to $14,999",484624,457750
Texas,"$100,000 to $124,999",593091,775702
Texas,"$125,000 to $149,999",336478,471427
Texas,"$15,000 to $19,999",478474,469854
Texas,"$150,000 to $199,999",323021,496104
Texas,"$20,000 to $24,999",487288,490569
Texas,"$200,000 or more",317011,531221
Texas,"$25,000 to $29,999",476850,469817
Texas,"$30,000 to $34,999",461142,472587
Texas,"$35,000 to $39,999",426890,436692
Texas,"$40,000 to $44,999",413274,431486
Texas,"$45,000 to $49,999",365059,382311
Texas,"$50,000 to $59,999",676263,737074
Texas,"$60,000 to $74,999",807040,920198
Texas,"$75,000 to $99,999",951399,1102563
Texas,"Less than $10,000",671142,644199
Utah,"$10,000 to $14,999",33580,32629
Utah,"$100,000 to $124,999",69015,90206
Utah,"$125,000 to $149,999",37830,50956
Utah,"$15,000 to $19,999",35033,34113
Utah,"$150,000 to $199,999",29989,48220
Utah,"$20,000 to $24,999",37964,40398
Utah,"$200,000 or more",24449,42247
Utah,"$25,000 to $29,999",43128,39715
Utah,"$30,000 to $34,999",44054,41997
Utah,"$35,000 to $39,999",45265,40816
Utah,"$40,000 to $44,999",45592,43514
Utah,"$45,000 to $49,999",42093,39657
Utah,"$50,000 to $59,999",82533,82126
Utah,"$60,000 to $74,999",102314,110353
Utah,"$75,000 to $99,999",118283,138605
Utah,"Less than $10,000",40441,42815
Vermont,"$10,000 to $14,999",14326,14475
Vermont,"$100,000 to $124,999",18876,22616
Vermont,"$125,000 to $149,999",10080,12508
Vermont,"$15,000 to $19,999",13291,13169
Vermont,"$150,000 to $199,999",8187,11808
Vermont,"$20,000 to $24,999",14074,12831
Vermont,"$200,000 or more",6587,10301
Vermont,"$25,000 to $29,999",12455,12054
Vermont,"$30,000 to $34,999",13568,13388
Vermont,"$35,000 to $39,999",13178,11472
Vermont,"$40,000 to $44,999",13365,12040
Vermont,"$45,000 to $49,999",11999,10973
Vermont,"$50,000 to $59,999",23321,21798
Vermont,"$60,000 to $74,999",28786,27662
Vermont,"$75,000 to $99,999",32754,35877
Vermont,"Less than $10,000",15528,14135
Virginia,"$10,000 to $14,999",131137,123543
Virginia,"$100,000 to $124,999",262157,293831
Virginia,"$125,000 to $149,999",164990,198144
Virginia,"$15,000 to $19,999",124829,123678
Virginia,"$150,000 to $199,999",179058,228637
Virginia,"$20,000 to $24,999",129597,126899
Virginia,"$200,000 or more",172705,263088
Virginia,"$25,000 to $29,999",130793,126573
Virginia,"$30,000 to $34,999",135990,130222
Virginia,"$35,000 to $39,999",130493,124934
Virginia,"$40,000 to $44,999",137353,130342
Virginia,"$45,000 to $49,999",124301,115450
Virginia,"$50,000 to $59,999",239993,231874
Virginia,"$60,000 to $74,999",307188,302470
Virginia,"$75,000 to $99,999",389068,394504
Virginia,"Less than $10,000",176982,175989
Washington,"$10,000 to $14,999",113271,107677
Washington,"$100,000 to $124,999",222319,258583
Washington,"$125,000 to $149,999",126233,162473
Washington,"$15,000 to $19,999",113061,109008
Washington,"$150,000 to $199,999",116148,175400
Washington,"$20,000 to $24,999",121320,118105
Washington,"$200,000 or more",99403,170306
Washington,"$25,000 to $29,999",122261,111654
Washington,"$30,000 to $34,999",126703,122801
Washington,"$35,000 to $39,999",122962,116152
Washington,"$40,000 to $44,999",123481,117958
Washington,"$45,000 to $49,999",112553,108538
Washington,"$50,000 to $59,999",216332,213739
Washington,"$60,000 to $74,999",276330,282828
Washington,"$75,000 to $99,999",342330,361540
Washington,"Less than $10,000",157620,159844
West Virginia,"$10,000 to $14,999",62081,49119
West Virginia,"$100,000 to $124,999",35543,47071
West Virginia,"$125,000 to $149,999",15643,24009
West Virginia,"$15,000 to $19,999",58746,50842
West Virginia,"$150,000 to $199,999",12052,20380
West Virginia,"$20,000 to $24,999",53960,51021
West Virginia,"$200,000 or more",10567,16737
West Virginia,"$25,000 to $29,999",50134,44974
West Virginia,"$30,000 to $34,999",46331,42362
West Virginia,"$35,000 to $39,999",41747,39221
West Virginia,"$40,000 to $44,999",39138,36934
West Virginia,"$45,000 to $49,999",34819,33907
West Virginia,"$50,000 to $59,999",60803,59723
West Virginia,"$60,000 to $74,999",69613,71326
West Virginia,"$75,000 to $99,999",73048,80105
West Virginia,"Less than $10,000",82194,71666
Wisconsin,"$10,000 to $14,999",120581,116179
Wisconsin,"$100,000 to $124,999",172430,201250
Wisconsin,"$125,000 to $149,999",82893,110123
Wisconsin,"$15,000 to $19,999",119181,117407
Wisconsin,"$150,000 to $199,999",65719,95981
Wisconsin,"$20,000 to $24,999",122406,122618
Wisconsin,"$200,000 or more",56735,82489
Wisconsin,"$25,000 to $29,999",123721,116454
Wisconsin,"$30,000 to $34,999",124531,123491
Wisconsin,"$35,000 to $39,999",119498,111361
Wisconsin,"$40,000 to $44,999",116708,113247
Wisconsin,"$45,000 to $49,999",105993,103068
Wisconsin,"$50,000 to $59,999",206289,198525
Wisconsin,"$60,000 to $74,999",264160,252330
Wisconsin,"$75,000 to $99,999",309448,315177
Wisconsin,"Less than $10,000",136219,130546
Wyoming,"$10,000 to $14,999",10334,10336
Wyoming,"$100,000 to $124,999",16921,23197
Wyoming,"$125,000 to $149,999",8456,13254
Wyoming,"$15,000 to $19,999",10640,10637
Wyoming,"$150,000 to $199,999",6291,11330
Wyoming,"$20,000 to $24,999",11921,11410
Wyoming,"$200,000 or more",5137,7831
Wyoming,"$25,000 to $29,999",11761,10974
Wyoming,"$30,000 to $34,999",11610,11166
Wyoming,"$35,000 to $39,999",11433,10318
Wyoming,"$40,000 to $44,999",10790,10817
Wyoming,"$45,000 to $49,999",10492,9811
Wyoming,"$50,000 to $59,999",18396,18119
Wyoming,"$60,000 to $74,999",24355,24414
Wyoming,"$75,000 to $99,999",28275,32162
Wyoming,"Less than $10,000",11457,11209